<?xml version="1.0" encoding="utf-8"?>
<Theme>

  <sharedAnimations>
    <animation name="Ability1">
      <color r="7" g="0" b="0" duration="8" />
      <color r="6" g="0" b="0" duration="8" />
      <color r="5" g="0" b="0" duration="8" />
      <color r="4" g="0" b="0" duration="8" />
      <color r="5" g="0" b="0" duration="8" />
      <color r="6" g="0" b="0" duration="8" />
    </animation>
    <animation name="Ability2">
      <color r="7" g="3" b="0" duration="10" />
      <color r="6" g="3" b="0" duration="3" />
      <color r="5" g="3" b="0" duration="3" />
      <color r="4" g="3" b="0" duration="3" />
      <color r="3" g="3" b="0" duration="3" />
      <color r="4" g="4" b="0" duration="3" />
      <color r="5" g="5" b="0" duration="1" />
      <color r="6" g="5" b="0" duration="1" />
      <color r="7" g="5" b="0" duration="1" />
      <color r="7" g="4" b="0" duration="1" />
      <color r="7" g="3" b="0" duration="3" />
      <color r="7" g="3" b="0" duration="3" />
    </animation>
    <animation name="Ability3">
      <color r="7" g="3" b="0" duration="10" />
      <color r="6" g="3" b="0" duration="7" />
      <color r="5" g="3" b="0" duration="7" />
      <color r="4" g="3" b="0" duration="7" />
      <color r="5" g="3" b="0" duration="7" />
      <color r="6" g="3" b="0" duration="7" />
    </animation>
    <animation name="Ability4">
      <color r="7" g="0" b="0" duration="25" />
      <color r="7" g="5" b="5" duration="3" />
    </animation>
    <animation name="SkillHeal">
      <color r="0" g="7" b="0" duration="20" />
      <color r="0" g="6" b="0" duration="3" />
      <color r="0" g="5" b="0" duration="3" />
      <color r="0" g="4" b="0" duration="3" />
      <color r="0" g="3" b="0" duration="3" />
      <color r="0" g="4" b="0" duration="3" />
      <color r="0" g="5" b="0" duration="3" />
      <color r="0" g="6" b="0" duration="3" />
    </animation>
    <animation name="SkillFlash">
      <color r="7" g="7" b="3" duration="3" />
      <color r="7" g="7" b="0" duration="10" />
      <color r="7" g="7" b="3" duration="3" />
      <color r="7" g="7" b="5" duration="3" />
      <color r="7" g="7" b="7" duration="3" />
      <color r="7" g="7" b="5" duration="3" />
    </animation>
    <animation name="BackPort">
      <color r="0" g="0" b="7" duration="9" />
      <color r="0" g="0" b="6" duration="9" />
      <color r="0" g="0" b="5" duration="9" />
      <color r="0" g="0" b="4" duration="9" />
      <color r="0" g="0" b="5" duration="9" />
      <color r="0" g="0" b="6" duration="9" />
    </animation>
    <animation name="UseFullKey">
      <color r="1" g="1" b="1" />
    </animation>
    <animation name="Trinket">
      <color r="4" g="3" b="0" duration="4" />
      <color r="4" g="3" b="0" duration="4" />
      <color r="4" g="3" b="0" duration="4" />
      <color r="4" g="2" b="0" duration="4" />
    </animation>
    <animation name="Alert">
      <color r="2" g="0" b="0" duration="30" />
      <color r="2" g="1" b="0" duration="10" />
    </animation>
    <animation name="Retreat">
      <color r="2" g="2" b="0" duration="20" />
      <color r="2" g="2" b="0" duration="20" />
    </animation>

    <animation name="AnnieQGradient">
      <color r="5" g="3" b="0" duration="1" />
      <color r="6" g="5" b="3" duration="1" />
      <color r="7" g="7" b="4" duration="1" />
      <color r="7" g="7" b="7" duration="5" />
      <color r="7" g="7" b="6" duration="2" />
      <color r="7" g="7" b="5" duration="2" />
      <color r="7" g="7" b="4" duration="2" />
      <color r="7" g="7" b="3" duration="2" />
      <color r="7" g="7" b="2" duration="2" />
      <color r="7" g="7" b="1" duration="2" />
      <color r="7" g="7" b="0" duration="2" />
      <color r="7" g="6" b="0" duration="2" />
      <color r="7" g="5" b="0" duration="2" />
      <color r="7" g="4" b="0" duration="2" />
      <color r="7" g="3" b="0" duration="2" />
      <color r="7" g="2" b="0" duration="2" />
      <color r="7" g="1" b="0" duration="2" />
      <color r="7" g="0" b="0" duration="2" />
      <color r="7" g="0" b="0" duration="2" />
      <color r="7" g="0" b="0" duration="2" />
      <color r="7" g="1" b="0" duration="2" />
      <color r="7" g="2" b="0" duration="2" />
      <color r="7" g="3" b="0" duration="2" />
      <color r="7" g="4" b="0" duration="2" />
      <color r="6" g="3" b="0" duration="2" />
      <color r="5" g="2" b="0" duration="2" />
      <color r="4" g="1" b="0" duration="2" />
      <color r="3" g="0" b="0" duration="2" />
      <color r="2" g="0" b="0" duration="2" />
      <color r="1" g="0" b="0" duration="2" />
      <color r="0" g="0" b="0" duration="2" />
    </animation>
  </sharedAnimations>


  <sharedBoardAnimations>
    <boardAnimation name="AnnieQ" center="pressedKey">
      <animation x="5" y="-1" name="AnnieQGradient" start="0"/>
      <animation x="6" y="-1" name="AnnieQGradient" start="0"/>

      <animation x="6" y="0" name="AnnieQGradient" start="2"/>
      <animation x="7" y="-1" name="AnnieQGradient" start="2"/>
      <animation x="5" y="-2" name="AnnieQGradient" start="2"/>

      <animation x="7" y="0" name="AnnieQGradient" start="4"/>
      <animation x="8" y="-1" name="AnnieQGradient" start="4"/>
      <animation x="6" y="-2" name="AnnieQGradient" start="4"/>

      <animation x="8" y="0" name="AnnieQGradient" start="6"/>
      <animation x="9" y="-1" name="AnnieQGradient" start="6"/>
      <animation x="7" y="-2" name="AnnieQGradient" start="6"/>

      <animation x="9" y="0" name="AnnieQGradient" start="8"/>
      <animation x="10" y="-1" name="AnnieQGradient" start="8"/>
      <animation x="8" y="-2" name="AnnieQGradient" start="8"/>

      <animation x="10" y="0" name="AnnieQGradient" start="10"/>
      <animation x="11" y="-1" name="AnnieQGradient" start="10" />
      <animation x="9" y="-2" name="AnnieQGradient" start="10"/>
    </boardAnimation>

    <!--
    <boardAnimation center="key" keyname="F">
    
    </boardAnimation>
    -->
  </sharedBoardAnimations>


  <KeyGroups>
    <group name="InventoryActives">
      <key name="1" />
      <key name="2" />
      <key name="3" />
      <key name="5" />
      <key name="6" />
      <key name="7" />
    </group>
  </KeyGroups>

  <Map name="default">
    <all>
      <colorGroup type="default">
        <color r="0" g="0" b="0" />
      </colorGroup>
    </all>
    <Key keyname="Q">
      <colorGroup type="default">
        <animation name="Ability1" />
      </colorGroup>
      <colorGroup type="onRelease" boardAnimation="AnnieQ">
        <color r="0" g="0" b="0" />
      </colorGroup>
    </Key>
    <Key keyname="W">
      <colorGroup type="default">
        <animation name="Ability2" />
      </colorGroup>
    </Key>
    <Key keyname="E">
      <colorGroup type="default">
        <animation name="Ability3" />
      </colorGroup>
    </Key>
    <Key keyname="R">
      <colorGroup type="default">
        <animation name="Ability4" />
      </colorGroup>
    </Key>
    <Key keyname="D">
      <colorGroup type="default">
        <animation name="SkillHeal" />
      </colorGroup>
    </Key>
    <Key keyname="F">
      <colorGroup type="default">
        <animation name="SkillFlash" />
      </colorGroup>
    </Key>
    <Key keyname="B">
      <colorGroup type="default">
        <animation name="BackPort" />
      </colorGroup>
    </Key>
    <KeyGroup name="InventoryActives">
      <colorGroup type="default">
        <animation name="UseFullKey" />
      </colorGroup>
    </KeyGroup>
    <Key keyname="4">
      <colorGroup type="default">
        <animation name="Trinket" />
      </colorGroup>
    </Key>
    <Key keyname="G">
      <colorGroup type="default">
        <animation name="Alert" />
      </colorGroup>
    </Key>
    <Key keyname="V">
      <colorGroup type="default">
        <animation name="Retreat" />
      </colorGroup>
    </Key>

  </Map>
  
</Theme>